CUSTOMER_NUMBER,DEPOSIT_REF
AAMI01,DB09-026
ABHG01,DB06-176
ABHN01,DB08-195
ABHN02,DB09-181
ABRC01,DB05-041
ABRC01,DD06-004
ACHB01,CJ04A008
ACHB01,DD05-018
ACHR01,DB08-166
ACHR01,DB11-049
ACHU01,DB03-217
ACHU01,DB05-048
ACHV01,DB11-152
ACLS02,DB05-037
ACLS02,DB07-053
ACLS02,DB09-050
ACLS02,DB11-076
ACLS03,DB05-135
ACLS03,DB07-064
ACLS03,DB07-198
ACLS03,DB10-046
ACLS03,DB11-045
AFRM01,DD07-015
AFRM01,DD09-005
AFRM10,DB10-164
AFRM10,DB11-001
AFRN05,DB10-018
AFRN05,DD04-001
AFRN05,DD05-016
AFRN05,DD08-003
AFRN05,DD09-003
AGRN01,DB11-092
AGRY01,DB06-029
AGRY01,DB11-015
AGXM01,DB06-016
AGXM01,DB08-066
AGXM01,DB08-143
AHET01,DB08-201
AICR02,DB06-178
AICR02,DB09-004
AICR04,DB04-003
AICR04,DB08-216
AICR04,DB10-163
AICR04,DB11-172
AICR05,DB05-120
AICR05,DB06-015
AICR05,DB10-165
AICR05,DB11-173
AICR05,DD08-004
AICR07,DD04-002
AICR07,DD07-001
AICR09,DD06-009
AKER01,DB10-066
AKGK01,DB07-134
AKGK01,DB10-132
AKGK01,DD05-012
AKGK01,DD11-012
AKHN01,DB04-121
AKHN01,DB05-157
AKHN01,DB06-177
AKHN01,DB08-073
AKHN01,DB09-148
AKHN01,DB10-122
AKHN01,DD05-005
AKHN03,DB09-065
AKHN03,DB12-081
AKHN03,DD04-001
AKHN04,DD10-007
AKHN07,DB06-031
AKHN07,DD05-008
AKHN07,DD08-006
AKHN07,DD09-017
AKHN07,DD11-002
AKHN08,DD09-011
AKWN01,DD10-003
AMAK01,DD05-017
AMAR01,DB03-171
AMKN01,DD09-007
AMKN01,DD10-006
AMKN01,DD11-003
AMMB01,DB03-070
AMMB01,DB05-059
AMOL01,DB06-195
ANKD01,DB10-120
ANKD01,DB11-090
ANKM01,DB03-066
ANKM01,DD04-009
ANKM01,DD05-001
ANKM01,DD05-018
ANKM01,DD06-007
ANKM01,DD10-003
ANYT01,DB03-052
ANYT01,DB04-143
ANYT01,DB05-101
ANYT01,DB05-197
ANYT01,DB07-045
ANYT01,DB07-181
ANYT01,DB08-161
APHT01,DD04-005
APHT01,DD06-013
APHT01,DD09-016
APHT01,DD11-001
APHT01,DD11-014
APLZ01,DB03-184
APLZ01,DB07-184
APLZ01,DB08-181
APLZ01,DB11-116
APLZ01,DD09-017
AQWQ01,DB03-072
AREL02,DB05-133
AREL05,DB09-131
AREL05,DB11-017
ASHB01,DB03-059
ASHB01,DB06-038
ASHB01,DD10-005
ASHI01,DB03-074
ASHI01,DB04-177
ASHN01,DD04-002
ASHR02,DB03-196
ASHR02,DB05-153
ASHR02,DB08-042
ASHR02,DB08-106
ASHR03,DD08-008
ASLB03,DB08-128
ASLB03,DB11-085
ASLB05,DB09-130
ASTL01,DB04-027
ASTL01,DB06-033
ASTL01,DB07-024
ASTL01,DB07-025
ASTL01,DB09-037
ASTL01,DB11-130
ASTL01,DB12-064
ASWN02,DB08-096
ASWN02,DB10-101
ATLK01,DB07-096
ATLK01,DB08-044
ATLK01,DB09-033
ATLK01,DB11-170
ATLL01,DD09-007
ATLL01,DD10-008
ATLL01,DD11-012
ATYL01,DB10-041
ATYL01,DD06-006
ATYL01,DD07-003
ATYL01,DD08-004
ATYL01,DD09-008
ATYL01,DD11-009
AVAL04,DD03-011
AVAL04,DD05-018
AVAL04,DD06-013
AVAL04,DD11-002
BDER01,DB03-195
BDER01,DB04-005
BDER01,DB06-133
BDER01,DB09-132
BDER01,DB11-002
BDER01,DD11-006
BEYE02,DB04-145
BEYE02,DB10-095
BEYE02,DD11-012
BHAE01,DB08-160
BHAE01,DD05-018
BKUJ01,DB03-125
BLAU02,DD04-004
BMAU01,DB06-113
BMAU01,DB07-043
BMAU01,DB07-136
BMAU01,DB08-075
BMAU01,DB09-062
BMAU01,DB09-067
BMAU01,DB10-166
BMAU01,DB11-046
BRAA01,DB07-040
BRAA01,DB08-145
BRAA01,DB09-039
BRAO01,DB03-199
BRAO01,DB05-003
BRAO01,DB11-159
BROA01,DB03-105
BROA01,DB08-097
BROA01,DB12-086
BROA01,DD05-017
BROA01,DD07-007
BROI01,DD10-008
BSEA01,DB04-021
BSEA01,DB05-030
BSEA01,DB06-114
BURA01,DD03-020
BURA01,DD05-002
BURA01,DD08-002
BURA01,DD08-016
BURA01,DD09-018
BURA01,DD11-002
BURA01,DD11-014
CBUH01,DB03-053
CBUH01,DD05-016
CBUH02,DB04-012
CBUH02,DB06-018
CBUH02,DB08-058
CDIH01,DB12-071
CFIK01,DB07-154
CFOU01,DB09-071
CFOU01,DB11-040
CJAO01,DD05-012
CKDO01,DD04-001
CNIH02,DB04-042
CNIH02,DB05-060
CNIH02,DB05-107
CNIH02,DB06-027
CNIH02,DB07-047
CNIH02,DB08-031
CNIH02,DB08-052
CNIH02,DB08-178
CNIH02,DB09-023
CNIH02,DB10-036
CNIH02,DB11-019
COCH06,DB0319
COCH06,DB03-190
COCH06,DB04-169
COCH06,DB06-168
COCH06,DB07-180
COCH06,DB08-203
COCH06,DB09-169
COCH06,DB10-155
COCH06,DB11-184
CTIK01,DB10-024
CTIK01,DD03-011
CTIK01,DD10-009
CTIK01,DD11-004
CVIT01,DB06-152
CVIT01,DB07-080
CVIT01,DB09-127
CVIT01,DB10-042
CVIT01,DB11-139
CVIT01,DB12-089
CVIT01,DD05-018
CWEK01,DD07-011
DANE02,DB05-076
DBID01,DB03-124
DBOE01,DB06-079
DBUG03,DD04-011
DELO01,DB05-174
DELO01,DB07-143
DHYR01,DD07-006
DHYR01,DD08-011
DINE02,DD09-005
DINE02,DD11-004
DINU02,DB07-063
DINU02,DD09-011
DJAA02,DB05-181
DJUE01,DD03-019
DJUE01,DD08-015
DLEW01,DB09-044
DLEW01,DD03-017
DLEW01,DD07-001
DLEW01,DD07-010
DLEW01,DD08-014
DLEW01,DD11-009
DLEW02,DB03-158
DLEW02,DB05-171
DLEW02,DB06-165
DLEW02,DB08-167
DLEW02,DB10-035
DLEW02,DB11-133
DLEW03,DB03-052
DLEW03,DB08-016
DLEW03,DB09-128
DLEW03,DD03-020
DLEW03,DD05-001
DMAI01,DB06-037
DMAI01,DB09-134
DMAI02,DB04-014
DMAI02,DB05-008
DMAI02,DB06-009
DMAI02,DB07-173
DMAI02,DB09-100
DMAI02,DB11-137
DMAZ01,DD02-002
DMCO01,DB04-057
DMCO01,DB05-029
DMCO01,DB07-115
DMCO01,DB10-032
DMCO01,DB10-065
DMCO01,DB11-057
DMEI01,DB09-060
DMEI01,DD05-001
DMEI07,DB03-082
DMEI07,DB04-085
DMIR01,DB06-005
DMIR01,DB09-007
DMOE01,DD03-017
DMOI01,DB04-123
DMOI01,DB06-166
DMOI02,DD03-019
DMOI02,DD04-005
DMOI02,DD04-012
DMOI03,DB07-172
DMOI04,DB07-182
DMOI04,DB08-176
DMUA01,DB04-139
DPAA02,DB03-189
DRAU01,DB03-170
DRAU01,DB04-144
DRAU01,DB05-175
DRAU01,DB06-104
DRAU01,DB07-153
DRAU01,DB08-179
DRAU01,DB09-161
DRAU01,DB11-003
DRAU01,DB11-171
DREE01,DB03-180
DSAI01,DD08-014
DSEI01,DB05-075
DSEI01,DB08-059
DSIN01,DB09-041
DVIA01,DB05-051
DVIA01,DB05-052
DVIA01,DB07-097
DVIA01,DB10-093
DVIA01,DB11-054
DWAE04,DB04-147
DWAE04,DB10-097
EACO01,DB04-064
EACO01,DB06-173
EACO01,DB09-123
EALX01,DB07-139
EAMR01,DB03-197
EAMR01,DB04-069
EAMR01,DB07-023
EAMR01,DD11-012
ECHT02,DB05-140
ECHT02,DB07-027
ECHT02,DB10-010
ECHT03,DB07-015
ECHT03,DD05-004
ECHT03,DD08-001
ECHT04,DB04-022
ECHT04,DB07-070
ECHT04,DB08-055
ECHT04,DB09-028
ECHT04,DB09-155
ECHT05,DB03-152
ECHT05,DB06-169
ECHT05,DB09-011
ECHT05,DB10-019
ECHT05,DB11-094
ECHT06,DB11-129
ECLA01,DD03-019
ECLA01,DD04-013
ECLA01,DD05-011
ECLA01,DD06-009
ECLA01,DD07-003
ECLA01,DD08-014
ECLA01,DD10-008
ECLA02,DD03-010
ECLA05,DB06-186
ECOT04,DB03-149
ECOT04,DB05-200
ECOT04,DB08-139
ECOT04,DB10-146
EEVR02,DB05-134
EEYB02,DD04-011
EEYC02,DB03-145
EEYC02,DB05-179
EEYC02,DB07-021
EEYC02,DB08-137
EEYC02,DB10-043
EEYC02,DB10-072
EEYD04,DD10-002
EEYD04,DD11-002
EEYE02,DB03-166
EEYE02,DB04-134
EEYE02,DB08-020
EEYL01,DD04-012
EEYL06,DB04-031
EEYP02,DB08-011
EEYP02,DB08-028
EEYP02,DB09-056
EEYP02,DB11-081
EEYS10,DB10-052
EEYS10,DD08-004
EEYS11,DD07-015
EEYS11,DD09-011
EEYT04,DD07-008
EEYT04,DD11-011
EEYT05,DD07-008
EEYT06,DD10-010
EEYT06,DD11-005
EFRE01,DD06-012
EFRE01,DD07-003
EGRE01,DB03-077
EGRE01,DB08-131
EGRW01,DD10-004
EIDA02,DB06-023
EIDA03,DB06-194
EIDA03,DB08-039
EIDA03,DB08-069
EIDA03,DB08-109
EIDA03,DB09-013
EKET01,DD10-008
EMER01,DB03-143
EMER01,DD09-018
EMER01,DD11-001
EMER01,DD11-012
EMYY01,DD11-013
ENIM01,DB03-116
ENIM01,DB04-074
ENIM01,DB05-070
ENIM01,DB06-110
ENIM01,DB07-118
ENIM01,DB09-008
ENIM01,DB11-099
EPER01,DB03-181
EPER01,DB05-206
EPER01,DB08-191
EPER04,DB04-168
EPER04,DB08-101
EPER04,DB11-182
EPER04,DD03-020
EPER04,DD11-001
EPHE01,DB05-109
EPHE01,DB06-057
EPHE01,DB07-013
EPHE01,DB11-149
EPHE01,DD08-014
EPHE01,DD09-005
EPRC01,DD10-005
EPRT02,DB03-178
EPRT02,DB09-176
ERED01,DB06-121
ERED01,DD05-016
ERED03,DB08-053
ERED03,DB10-037
EROT01,DB05-020
EROT01,DB05-173
EROT01,DB08-149
EROT01,DB09-160
EROT01,DD11-004
ESEB02,DD06-004
ESEB02,DD11-012
ESED01,DB04-044
ESED01,DB10-144
ESED01,DB11-031
ESED02,DB06-044
ESED04,DB08-027
ESED04,DB09-183
ESES01,DB07-150
ESES01,DD05-003
ESET01,DD05-009
ESET01,DD08-004
ESET01,DD09-005
ESET01,DD10-002
ESHP01,DD08-015
ESHP02,DB07-057
ESHR01,DB03-141
ESHR01,DB11-146
ESHR01,DD05-016
ESHR01,DD06-004
ESHR01,DD06-009
ESHR01,DD09-001
ESHR01,DD10-002
ESHR01,DD11-002
ESHR03,DD09-011
ESPC01,DB03-131
ESPC01,DB04-175
ESPC01,DB05-195
ESPC01,DB06-150
ESPC01,DB08-083
ESPC02,DB04-099
ESPC02,DB05-096
ESPC02,DB06-093
ESPC02,DB08-076
ESPC02,DB11-111
ESPC03,DB03-104
ESPC03,DB07-076
ESPC03,DB09-040
ESPC03,DB11-025
ESPC14,DB11-126
ESPC16,DB08-092
ESPC16,DB10-104
ESPC17,DB08-081
ESPC18,DB08-091
ESPC18,DD05-014
ESPC18,DD06-009
ESPC19,DB03-083
ESPC19,DB07-107
ESPC19,DB11-069
ESPC20,DB03-085
ESPC20,DB04-087
ESPC20,DB05-084
ESPC20,DB06-082
ESPC20,DB07-109
ESPC20,DB08-089
ESPC20,DB09-081
ESPC20,DB10-105
ESPC20,DB11-105
ESPC21,DB04-082
ESPC21,DB09-084
ESPC25,DB05-089
ESPC25,DB06-084
ESPC25,DB07-106
ESPC25,DB08-082
ESPC26,DD05-014
ESPC29,DB03-087
ESPC29,DB05-086
ESPC30,DB03-093
ESPC30,DB04-093
ESPC30,DB05-094
ESPC30,DB06-070
ESPC30,DB06-089
ESPC30,DB11-109
ESPC30,DB11-191
ESPC33,DB04-098
ESPC33,DB07-187
ESPC33,DB10-009
ESPC33,DB11-033
ESPC34,DB05-170
ESPC34,DB11-107
ESPC35,DB03-099
ESPC35,DB05-117
ESPC36,DB03-080
ESPC36,DB03-167
ESPC36,DB04-079
ESPC39,DB04-097
ESPC39,DB07-188
ESPC39,DD05-008
ESPC40,DD05-002
ESPC40,DD05-003
ESPC41,DB03-161
ESPC41,DB05-079
ESPC41,DB11-066
ESPC42,DB03-084
ESPC42,DB04-086
ESPC42,DB05-083
ESPC42,DB06-081
ESPC42,DB07-108
ESPC42,DB08-088
ESPC43,DB03-089
ESPC43,DB04-091
ESPC43,DB05-112
ESPC43,DB07-105
ESPC44,DB04-077
ESPC44,DB05-080
ESPC44,DB06-078
ESPC44,DB08-094
ESPC44,DB10-102
ESPC45,DB03-182
ESPC45,DB08-084
ESPC45,DB10-107
ESPC46,DB03-095
ESPC46,DB04-080
ESPC46,DB06-077
ESPC48,DB03-086
ESPC48,DB04-088
ESPC48,DB05-088
ESPC48,DB06-083
ESPC48,DB07-110
ESPC48,DB08-090
ESPC48,DB09-082
ESPC48,DB10-106
ESPC48,DB11-106
ESPC49,DB08-080
ESPC50,DB05-223
ESPC58,DD08-015
ESPC58,DD09-003
ESPC59,DB09-066
ESPC59,DD05-014
ESPC61,DB05-148
ESPC61,DB07-075
ESPC61,DB10-099
ESPC61,DB10-115
ESPC61,DB10-116
ESPC61,DB12-059
ESPC62,DB07-074
ESPC63,DB03-103
ESPC63,DB07-073
ESPC63,DB10-100
ESPC63,DB12-058
ESPC64,DB03-148
ESPC65,DB03-079
ESPC65,DB04-078
ESPC65,DB05-077
ESPC65,DB07-111
ESPC65,DB08-093
ESPC65,DB09-085
ESPC66,DB03-054
ESPC66,DB06-088
ESPC68,DB11-115
ESPC69,DB03-219
ESPC69,DB05-033
ESPC69,DB06-013
ESPC69,DB06-190
ESPC69,DB07-199
ESPC69,DB09-022
ESPC69,DB11-037
ESPC69,DB12-079
ESPC71,DB05-113
ESPC71,DD03-015
ESPC71,DD08-010
ESPC71,DD09-011
ESPC74,DB08-087
ESPC76,DB05-019
ESPC76,DB05-219
ESPC76,DB06-192
ESPC76,DB09-010
ESPC76,DB09-151
ESPC76,DB11-006
ESPC77,DB07-120
ESPC80,DB05-201
ESPC80,DB10-103
ESPC80,DB11-104
ESPC82,DB09-086
ESPC82,DB11-103
ESPC83,DB05-220
ESPC84,DD03-014
ESPC84,DD05-015
ESPC84,DD09-013
ESPC84,DD11-004
ESPC88,DB04-094
ESPC88,DB05-095
ESPC88,DB06-090
ESPC88,DB10-111
ESPC89,DB04-008
ESPC89,DB05-085
ESPC89,DB07-090
ESPC90,DB04-089
ESPC90,DB07-103
ESPC90,DB08-085
ESPC93,DB03-081
ESPC93,DB04-084
ESPC93,DB05-082
ESPC93,DB06-076
ESPC94,DB04-090
ESPC94,DB06-116
ESPC95,DB03-063
ESPC95,DB03-090
ESPC95,DB04-092
ESPC95,DB04-154
ESPC96,DB03-132
ESPC96,DB05-031
ESPC96,DB10-127
ESPC99,DB07-197
ESTE01,DB04-002
ESTE01,DB06-008
ESTE01,DB08-202
ESTE01,DB10-006
ESTE01,DB10-007
ESTE01,DB11-119
ESTE01,DD11-012
ESTP01,DB05-073
ESTP01,DB06-109
ESTP01,DB11-132
ETHB01,DB09-063
ETRN01,DB05-116
EVIW01,DB04-020
EVIW01,DB05-191
EVIW01,DB06-121
EVIW01,DB11-158
EVIW01,DC700939
EZEN01,DD05-001
FMAO01,DD03-015
FMOF01,DB03-220
FMOF01,DB04-179
FMOF01,DB05-225
FMOF01,DB06-187
FMOF01,DB07-168
FMOF01,DB09-164
FMOF01,DB11-080
FMOF02,DB04-129
FMOF02,DB05-185
FMOF02,DB06-124
FMOF02,DB08-173
FMOF02,DB09-150
FMOF03,DB03-150
FMOF03,DB05-183
FMOF03,DB06-025
FMOF03,DB10-148
FMOF03,DB11-128
FMOF05,DB04-171
FMOF05,DB05-216
FMOF05,DB06-181
FMOF05,DB07-044
FMOF05,DB07-072
FMOF05,DB07-186
FMOF05,DB08-217
FMOF05,DB09-170
FMOF05,DB12-054
FMOF05,DD05-014
FMOF09,CJ09A013
FMOF09,DD09-014
GAUU01,DB06-045
GBEG03,DB09-178
GBIF01,DD05-004
GBIF01,DD06-006
GBIF01,DD11-005
GDEO01,DD11-004
GEDA02,DB07-185
GEDA02,DB08-208
GEDA02,DB10-001
GEDA02,DD11-010
GEDA04,DB05-001
GEDA04,DB08-210
GEDA04,DB10-003
GEDA04,DB10-160
GEDA04,Jan-03
GEDA04,MAY2002
GEDE01,DD03-008
GEDE01,DD04-002
GEDE01,DD05-015
GEGM01,DB03-159
GEGM01,DB04-130
GEGM01,DB07-190
GEGM01,DD03-012
GENE02,DB07-058
GGIA01,DB07-133
GGIA01,DB11-020
GGOA01,DB08-121
GLEO01,DB06-127
GLEO01,DB08-127
GLIH01,DD03-016
GLIH01,DD05-008
GLIH01,DD08-007
GLIH01,DD11-013
GMEA02,DD10-005
GMOA01,DD04-001
GMOA01,DD08-014
GMOA01,DD09-002
GMOA01,DD10-006
GMOA01,DD11-006
GSEA01,DB09-120
GSEW01,DD07-011
GWAN01,DB07-174
GWAN01,DB11-145
HATL01,DB07-183
HATL02,DB06-112
HATL02,DD10-007
HISO01,DD05-016
HISO01,DD06-005
HISO01,DD07-008
HKAM02,DB03-102
HKAM02,DB05-163
HKAM02,DB07-062
HMAA01,DD08-016
HMAA01,DD10-005
HMAA03,DB06-068
HMAA03,DB07-128
HMAO01,DB03-033
HMAO01,DB10-145
HMAO04,DD08-003
HMAO05,DB08-017
HMAO05,DB08-180
HMOA02,DB03-212
HMOA03,DB06-035
HMOA03,DB06-043
HMOA03,DB08-197
HMOA03,DB12-051
HMOA03,Jan-03
HMOA04,DB06-043
HMOA04,DB08-198
HMOL03,DB03-065
HMOL04,DB11-100
HMOL04,DD05-008
HMOL04,DD09-016
HMPA01,DB06-188
HMPA01,DB06-189
HMPA01,DB07-158
HMPA01,DB09-140
HMPA01,DB10-039
HMPA01,DD03-015
HMPU01,DD04-011
HMPU01,DD05-001
HRAM01,DB04-142
HRAM01,DB05-132
HRAM01,DB07-010
HRAM01,DB09-006
HRAM01,DB09-052
HRAM01,DB09-101
HRAM01,DB10-051
HSCL01,DD05-017
HSCN01,DB08-049
HSCN02,DD04-006
HSCN02,DD06-012
HSCO01,DD06-012
HSCO01,DD08-014
HSCO02,DB04-034
HSCO02,DB05-176
HSCO02,DB06-111
HSCO02,DB07-155
HSCO02,DB07-178
HSCO02,DB12-069
HTSE01,DB06-115
HTSE01,DB09-115
HTSI01,DB10-091
HTSI01,DD03-016
HTSI01,DD04-009
HTSI01,DD05-013
HTSI01,DD06-012
HUML01,DB04-029
HUML01,DB06-028
HUML01,DB07-042
HUML01,DB08-040
HUML01,DB10-045
HUML01,DD09-007
HZAE01,DD03-011
HZAE01,DD07-005
IBHK01,DB03-177
IBHK01,DB09-104
IBHK01,DB11-186
IBRN03,DD04-011
IBRN03,DD09-018
IDZN01,DB05-072
IDZN01,DB10-062
IERN03,DB05-040
IERN03,DB09-054
IFLG01,DB08-071
IFLG01,DB09-119
IGAL01,DB07-098
IHAN01,DD05-015
IHAN01,DD08-001
IHAN01,DD11-002
IHAN01,DD11-010
IHEN01,DD11-009
IIFL01,DD08-002
IIFL01,DD09-001
IIJE01,DB03-060
IIJE01,DB07-009
IIJE01,DB07-135
IIJE01,DB08-134
IIJE01,DB11-114
IISS01,DB08-130
IJON02,DB03-094
IKNG01,DB08-126
IKRE05,DD07-008
IMEE01,DB11-064
IMER03,DB05-054
IMER03,DB06-042
IMER03,DB07-068
IMER03,DB08-047
IMER03,DB09-059
IMER03,DB11-050
IMER03,DD07-003
IMGL01,DB05-166
IMGL01,DB08-207
IMUR01,DB08-061
IMUR01,DB11-029
INAC01,DD06-005
INAD01,DB03-153
INAD01,DB04-107
INAD01,DD06-011
INAD01,DD11-008
INAD02,DB04-178
INAD02,DB11-012
INAD02,DD08-002
INAD04,DB08-124
INAD04,DB11-140
INAD07,DB08-141
INAD10,DB04-117
INAD10,DD08-013
INAD17,DD10-005
INDM01,DB07-159
INDM01,DD11-002
INJK01,DB08-170
ISAL01,DB04-112
ISAL01,DD06-002
ISAV01,DD03-011
ISHN01,DB09-027
ISMT06,DB05-011
ISMT06,DB11-059
ISMT08,DB07-144
ISPL02,DB04-152
ISPL02,DB05-141
ISPL02,DB07-126
ISPL02,DB08-133
ISPL02,DB09-125
ISPL02,DB09-157
ISPL02,DB10-133
ISPL02,DB11-150
ITHV02,DB09-025
ITJB01,DB05-152
ITJB01,DB06-123
ITJB01,DB07-132
ITJB01,DB09-114
ITJB01,DD10-008
ITRC01,DD06-009
ITRM01,DD05-018
IWET02,DB11-077
JKAE01,DB06-158
JKAE01,DB09-069
JSUE02,DB10-158
JSUE03,DB10-048
JWIN01,DB04-111
JWIN01,DB07-112
JWIN01,DB08-095
JWIN01,DB09-029
JWIN01,DB09-088
KATI02,DB04-140
KATI02,DB05-193
KATI02,DB06-167
KATI02,DD04-015
KBAE01,DB09-185
KBAE01,DB10-152
KBEK01,DD10-005
KDEL01,DB04-001
KDEL01,DB06-007
KDEL01,DB08-002
KDEL01,DB09-003
KDEL01,DB10-014
KDEO03,DD06-013
KDEO04,DB05-006
KDEO04,DB05-014
KDEO04,DB09-024
KDIG01,DB05-151
KDIG01,DB10-151
KDIG01,DD11-003
KDIG02,DB03-216
KDIG02,DB05-056
KDIG02,DB06-067
KDIG02,DB10-040
KFAT01,DB06-134
KFAT01,DB06-147
KFAT01,DB08-185
KFAT02,DB04-146
KKEA01,DB04-017
KKEA01,DB08-043
KKEA01,DB10-090
KKEA02,DB11-089
KKOS01,DB05-167
KKOS01,DB08-054
KKOS01,DB08-056
KKOS01,DD06-007
KKOS01,DD06-009
KKOS01,DD07-007
KKOS01,DD09-016
KKOS01,DD10-005
KLEH01,DB04-118
KLEH01,DB04-126
KLEH01,DB05-110
KLEH01,DB06-148
KLEH01,DB09-166
KLEH01,DB10-123
KLEH01,DB11-087
KMAA02,DB05-027
KMAA02,DB07-140
KMAA02,DB08-183
KMAA02,DB09-149
KMAA02,DB11-093
KMAA04,DB05-108
KMAG01,DB10-126
KMAH01,DB10-096
KMAH01,DB10-128
KMOH01,DD03-020
KMOH01,DD05-011
KMOO01,DB09-141
KMOO01,DB10-150
KMOO02,DB06-106
KMOO02,DD03-020
KMOO02,DD04-015
KMOO03,DB09-073
KMOO03,DB11-047
KMOO05,DD11-001
KMOW01,DB10-011
KNIS01,DB05-099
KNIS01,DB07-101
KOSO01,DB03-165
KOSO01,DB05-115
KOSO01,DB06-125
KOSO01,DB11-070
KSAS02,DB03-215
KSAS02,DB04-165
KSAS02,DB05-222
KSAS02,DB06-183
KSAS02,DB08-219
KSAS02,DB10-168
KSAS02,DD05-008
LALI01,DD09-017
LALY02,DB06-040
LBAF01,DB03-142
LBAF01,DB03-168
LBAF01,DB04-066
LBAF01,DB07-138
LBAF01,DB09-145
LBAF01,DB10-137
LBUB02,DB08-182
LBUB02,DB10-004
LBUB02,DB11-023
LBUB02,DB11-038
LFED01,DD04-010
LFED01,DD06-014
LGOD03,DB08-003
LGOD03,DB10-153
LGOD03,DD03-019
LGOD03,DD05-019
LGOD05,DB05-125
LGOD05,DB08-007
LGOD05,DB09-180
LGOD06,DB05-128
LGOD08,DB05-129
LGOD08,DB08-008
LGOD08,DB08-199
LGOD09,DB08-009
LGOD10,DB05-130
LGOD11,DB08-010
LGOD12,DB08-013
LHII01,DB04-024
LHIL05,DD05-009
LHIL05,DD08-003
LHIL05,DD09-005
LHOL01,DD03-013
LHOL01,DD06-002
LHOM01,DB11-155
LKIL01,DB03-151
LMAA03,DB06-119
LMAA03,DB09-143
LMAE01,DB04-162
LMAE01,DB05-111
LMAE01,DB06-065
LMAE01,DB09-158
LMAE01,DB10-063
LMAE01,DB12-066
LMEL02,DB03-204
LMEL02,DB04-201
LMEL02,DB05-212
LMEL02,DB07-036
LMEL02,DB08-153
LMEL02,DB08-204
LMEL02,DB10-154
LMEL03,DB04-194
LMEL03,DB07-032
LMEL03,DB08-155
LMEL03,DB08-204
LMEL04,DB03-206
LMEL04,DB07-035
LMEL04,DB08-154
LMEL04,DB09-190
LMEL04,DB11-165
LMEL05,DB03-208
LMEL05,DB04-191
LMEL05,DB08-150
LMEL05,DB08-204
LMEL05,DB10-154
LMEL06,DB04-188
LMEL06,DB10-154
LMEL06,DB11-168
LMEL07,DB04-184
LMEL07,DB05-214
LMEL07,DB10-154
LMEL08,DB03-210
LMEL08,DB08-204
LMEL08,DB11-167
LMEL09,DB03-209
LMEL09,DB04-199
LMEL09,DB11-169
LMEL10,DB04-187
LMEL10,DB07-038
LMEL10,DB08-156
LMEL11,DB03-211
LMEL11,DB04-190
LMEL11,DB07-034
LMEL11,DB08-151
LMEL11,DB08-204
LMEL13,DB03-205
LMEL13,DB09-188
LMEL14,DB04-200
LMEL14,DB11-166
LMEL16,DB03-202
LMEL16,DB04-193
LMEL16,DB05-207
LMEL16,DB07-030
LMEL16,DB08-204
LMEL16,DB09-187
LMEL17,DB04-195
LMEL17,DB07-033
LMEL18,DB07-031
LMEL19,DB03-207
LMEL19,DB08-152
LMEL19,DB08-204
LMEL19,DB09-193
LMEL20,DB03-201
LMEL20,DB04-192
LMEL20,DB08-204
LMEL20,DB09-191
LMEL20,DB11-161
LMEL21,DB03-203
LMEL21,DB04-189
LMEL22,DB08-204
LMEL22,DB09-192
LMEL22,DB11-162
LMEL24,DB04-197
LMEL24,DB07-037
LMEL26,DB04-196
LMEL26,DB07-029
LMEL26,DB09-194
LMEL26,DB11-164
LMEL27,DB03-200
LMEL27,DB04-198
LMEL27,DB05-213
LMEL27,DB09-189
LMEL27,DB10-154
LMEL27,DD05-017
LMEL29,DB11-163
LMEW01,DB10-138
LMEW01,DD10-008
LMEW01,DD11-012
LMOE01,DB04-037
LMOE02,DB04-174
LMOE02,DB05-122
LMOE02,DB12-082
LMUL05,DD04-002
LMUL05,DD06-010
LMUL06,DD03-015
LMUL06,DD06-013
LMUL17,DB11-180
LNAE01,DB05-018
LNAE01,DB07-017
LNAE01,DB08-001
LNAL01,DB08-019
LNEO02,DB05-104
LNIS01,DD04-004
LPIA01,DB06-126
LPIL01,DB08-107
LPIL05,DB04-061
LPIL05,DB09-099
LPIL05,DB11-042
LPIL08,DB09-135
LPOI01,DB04-018
LPOI01,DB05-119
LPOI01,DB07-122
LPUE01,DB03-064
LPUE01,DB07-131
LPUE01,DB09-103
LPUE01,DB11-014
LPUE01,DB11-082
LSEE01,DB03-058
LSEE01,DB10-070
LSEE01,DB11-036
LSEO01,DD09-010
LSOE01,DB05-160
LSOE01,DB05-177
LSOE01,DB06-174
LSOE01,DB07-022
LSOE01,DB07-170
LSOE01,DB08-163
LSOE01,DB09-034
LSOE01,DB09-035
LSOE01,DB10-064
LSOO01,DB03-127
LSOO01,DB07-123
LSOO01,DB11-027
LSOO01,DB11-063
LSOW01,DB04-108
LSOW02,DD05-018
LSUL01,DD04-001
LTIL01,DB06-061
LTIL01,DB07-146
LTIL01,DB08-023
LTIL01,DB08-098
LTIL01,DB08-132
LTIL01,DB09-112
LTIL01,DB09-138
LTIL01,DB10-022
LTIL01,DB11-041
LTIL01,DB11-071
LTIL01,DB12-077
LTIL01,DD09-013
LTIL01,DD09-018
LVAJ01,DD03-015
LVAJ01,DD11-002
LVAJ01,DD11-014
LVAL01,DD05-014
LVIL02,DB04-026
LVIL02,DB07-160
LVIL02,DB10-141
LVIL02,DB11-143
LWAV01,DB03-119
LWED01,DB05-196
LWED01,DB09-142
LWEL01,DB10-015
LZIL01,DB05-139
MASA01,DB04-076
MASA01,DB05-078
MASA01,DB09-087
MASA01,DB11-102
MASA01,DD07-008
MFAO01,DB07-086
MFAO01,DB09-032
MFAO01,DB09-055
MGAS01,DB04-016
MGAS01,DB06-022
MGAS01,DD04-001
MGAS01,DD09-007
MGAS01,DD11-006
MGUE01,DB05-142
MLEN01,DD03-013
MLEN01,DD05-012
MLEN01,DD11-012
MLOB02,DB04-124
MLOB02,DB07-087
MMOE01,DB06-159
MMOE01,DB09-184
MMOE01,DB10-071
MMOE01,DB10-157
MOSA01,DB07-082
MOSA01,DD11-011
MOSA02,DB03-115
MOSA02,DB05-158
MOSA02,DD03-016
MRAA02,DB05-022
MRAA02,DB06-051
MRAA02,DB07-095
MRAA02,DB11-072
MRAA02,DD08-014
MRAA03,DB05-046
MRAA03,DB06-138
MRAA03,DB11-120
MRAD01,DD05-014
MRAD01,DD06-009
MRAD01,DD07-007
MRAD01,DD11-002
MRAD01,DD11-014
MRAD02,DB10-094
MRAD02,DB11-142
MRAD02,DD08-001
MRAK01,DB04-062
MRAL02,DD05-006
MRAL02,DD07-003
MRAL02,DD08-008
MRAL04,DB04-105
MRAO03,DB04-068
MRAO03,DD10-003
MRAR02,DB03-218
MRAR02,DB07-071
MRAR02,DB08-177
MRAR02,DB09-122
MRAR02,DD08-011
MSAW01,DB07-008
MSAW01,DD09-005
MSAW01,DD11-004
MSAW02,DB05-057
MSAW02,DD10-005
MSIT02,CJ09A012
MSIT02,DB06-053
MSIT02,DB08-030
MSIT02,DB08-193
MSIT02,DB10-161
MSYO01,DB03-110
MSYO01,DB12-088
MSYO01,DD08-010
MYBT01,DB10-098
NBAK01,DD04-001
NBEJ01,DD05-001
NBEJ01,DD06-002
NBEJ01,DD07-004
NBEM03,DB03-175
NBOO01,DB11-030
NDAI01,DD03-010
NDAI01,DD06-006
NDAI01,DD07-001
NDAI01,IN803527
NGEE01,DD04-005
NGEE01,DD07-003
NGEE01,DD09-003
NGEE02,DB08-041
NGEE02,DD08-004
NGEG01,DB06-154
NGEG01,DB09-017
NGEG01,DB11-160
NINO01,DB08-114
NJEK01,DB03-193
NJIA01,DB05-105
NJIA01,DB09-074
NJIA01,DB10-073
NJIA01,DB11-141
NJIA02,DB03-120
NJIA02,DB08-108
NJIA02,DB09-172
NJIA02,DB11-039
NJIA02,DB11-147
NJOE01,DB04-131
NJOE01,DB08-172
NJOE01,DB10-147
NJOE01,DB11-127
NJOE02,DB08-129
NJOE02,DB09-146
NKEN01,DD03-016
NKEN01,DD03-020
NKEN01,DD03-021
NKEN01,DD05-006
NKEN01,DD09-003
NKEN01,DD10-002
NKEY01,DB04-163
NKEY01,DB05-188
NKEY01,DD03-019
NKEY01,DD09-002
NKOQ01,DD03-012
NKOQ01,DD04-011
NKOQ01,DD05-014
NKOQ01,DD06-009
NKUG01,DB06-144
NKUG01,DB08-104
NLAD01,DB07-177
NLAD01,DD08-008
NLAE01,DB11-148
NLAE01,DD03-014
NLAE01,DD04-001
NLAE01,DD07-012
NLAE01,DD07-015
NLAE01,DD08-015
NLAG02,DB04-158
NLAG02,DB06-055
NLAG02,DB07-052
NLAG02,DB11-016
NLOE01,DB08-117
NMAD01,DB04-109
NMAD01,DB05-103
NMAD01,DB07-129
NMAD01,DB08-119
NMAD01,DB11-052
NMAG01,DB03-163
NMAG01,DB09-136
NMAG02,DB05-023
NMAG02,DB06-020
NMAG02,DB06-122
NMAG02,DB07-161
NMAG02,DD07-003
NMAJ01,DB04-148
NMAN01,DB11-011
NMAO01,DD05-004
NMAO01,DD06-005
NMAO01,DD09-005
NMAO01,DD10-005
NMAO02,DD04-004
NMAO02,DD06-005
NMAO02,DD07-006
NMAO02,DD09-005
NMAO02,DD10-005
NMAO02,DD11-004
NMAS01,DD03-011
NMAS01,DD06-007
NMEL01,DB05-106
NMEL01,DB10-050
NMIG02,DD03-010
NMIG02,DD04-005
NMIG02,DD05-005
NMIG02,DD08-002
NMOE03,DB05-131
NMOE03,DB07-046
NMOE03,DB08-060
NMOE03,DB09-089
NMOE03,DB12-057
NNUA01,DB07-113
NOMI01,DB05-144
NPIN01,DB09-061
NPIN01,DB12-074
NRAC01,DB03-160
NRAD03,DB09-144
NRAD04,DB07-162
NRAD04,DB10-136
NRAK01,DB05-150
NRAK01,DB07-148
NRAK01,DD11-008
NREO02,DB04-055
NREO02,DB05-205
NREO02,DB06-032
NREO02,DB09-036
NREO02,DB11-024
NREO02,Jan-03
NREO03,DB05-146
NSEE01,DB03-162
NSEE01,DB05-194
NSEE01,DB06-156
NSEE01,DB09-021
NSEE01,DB10-129
NSEE02,DB05-024
NSEE02,DB07-007
NSEE02,DD05-019
NSIG01,DD08-016
NSIG01,DD09-013
NSIG01,DD10-007
NSIG02,DB05-097
NSIG02,DB09-076
NSIG02,DB10-114
NSIG02,DB11-113
NSIG02,DD06-006
NSIO01,DD08-010
NSUD01,DB04-185
NSUG03,DB04-006
NSUG03,DB05-004
NSUG03,DB06-011
NSUG03,DB06-184
NSUG03,DB07-039
NSUG03,DB07-200
NSUG03,DB08-206
NSUG03,DB09-186
NSUG03,DB10-170
NSUG10,DB03-051
NSUG12,DB03-108
NSUG12,DB04-135
NSUG12,DD07-003
NSUG12,DD10-004
NSUG16,DD11-007
NSUN03,DD05-018
NSUN03,DD10-002
NSUOO2,DD04-001
NSUOO2,DD05-012
NSUOO2,DD07-004
NSUOO2,DD08-013
NSUS04,DB05-208
NSUS09,DB03-061
NSUS09,DB06-118
NSUS09,DB06-180
NSUS10,DB06-171
NSUS10,DB07-156
NSUS10,DB08-222
NSUS10,DB09-137
NTOG02,DD03-015
NTOG02,DD06-011
NTOG02,DD08-013
NTOG02,DD11-010
NTOK01,DD04-002
NTOK01,DD11-002
NVAB01,DB05-156
NVAB01,DD05-014
NVAB01,DD07-010
NVAD01,DB05-149
NVAD01,DB11-098
NVAD02,DB03-068
NVAD05,DD03-015
NVAD10,DB07-171
NVAD13,DB04-004
NVAD13,DB05-218
NVAD13,DB07-175
NVAD13,DB11-183
NVAG02,DD10-002
NVAG04,DB06-006
NVAG04,DB07-006
NVAG04,DB09-005
NVAG04,DB10-029
NVAG04,DB11-028
NVAN01,DB04-110
NVAN01,DB09-109
NVAN01,DD07-002
NVAR09,DB04-072
NVAR09,DB07-164
NVAR09,DB08-147
NVAR09,DB09-075
NVAR09,DB11-096
NVAS03,DB04-010
NVAS03,DB07-078
NVAS03,DB09-047
NVAS05,DD09-006
NWID01,DD11-009
NWIG01,DD09-017
NWYB01,DB03-098
NYES01,DD03-010
NZAD01,DB05-017
NZAD01,DD07-003
NZAD01,DD08-003
NZAD01,DD09-004
OALN01,DB06-117
OBHO01,DB03-133
OBHO01,DB04-046
OBHO01,DB05-068
OBHO01,DB06-047
OBHO01,DB10-034
OBHO03,DB03-214
OBHO03,DB10-008
OBLC02,DD03-017
OBLC02,DD05-003
OBLC02,DD05-008
OBLC02,DD06-010
OBLC02,DD08-002
OBLC02,DD09-004
OBLC02,DD10-002
OBLC02,DD11-003
OBLC02,DD11-012
OBOY01,DB11-004
OCHN01,DD04-001
OCHT01,DD06-009
OCLI02,DB07-141
OCLI02,DB08-102
OCRS01,DB08-123
OCRS01,DD06-010
OCRS01,DD07-003
OCRU01,DB03-048
OCRU01,DB08-051
OCRU01,DB10-005
OCRU01,DB10-048
ODOK01,DD11-009
ODOL01,DD03-011
ODOL01,DD04-015
ODOL01,DD08-001
ODOL01,DD09-017
ODOL01,DD11-013
OEMN01,DB04-065
OEMN01,DB07-051
OEMN01,DB08-074
OFLR01,DD05-005
OFLR01,DD10-005
OFLR01,DD11-006
OFZP01,DD09-003
OFZP01,DD11-012
OGLV02,DB03-049
OGOD04,DB03-049
OGOD04,DB06-003
OGOD04,DB07-018
OGOD04,DB09-016
OGOD04,DB10-134
OGRB01,DB04-116
OGRB01,DB07-165
OGRB01,DB08-110
OGRB01,DB08-113
OGRB01,DB08-189
OGRB01,DD05-007
OGRL01,DD03-014
OHOS03,DB03-213
OHOS03,DB04-176
OHOS03,DB06-191
OHOS03,DB10-143
OIFC01,DB03-126
OIFC01,DB04-167
OIFC01,DB07-084
OIFC01,DB08-045
OIFC01,DB09-139
OJEN01,DB02-169
OJEN01,DD04-001
OJEN01,DD04-010
OJEN01,DD06-003
OJEN01,DD09-008
OKHT01,DD04-006
OKHT01,DD06-013
OKHT01,DD09-016
OKHZ01,DB03-138
OKHZ01,DB07-016
OKHZ01,DB09-092
OKHZ01,DD05-017
OKHZ01,DD11-006
OKOL01,DB09-111
OMBM01,DD04-003
OMBM01,DD04-014
OMMW01,DB09-070
OMOD01,DB04-122
OMOD01,DB05-172
OMOD01,DB08-046
OMOD01,DB08-164
OMOL02,DD03-016
OMOL02,DD04-015
OMOL02,DD05-016
OMOL02,DD07-010
OMOL02,DD08-009
OMOL02,DD11-001
OMOL02,DD11-011
OMOS01,DB10-044
OMOS01,DD09-007
OMOS02,DD05-014
OMOS02,DD06-009
OMOS02,DD07-008
OMOS02,DD09-013
OMOS02,DD11-001
OMOS03,DD04-006
OMOS03,DD07-007
OMOS03,DD08-008
OMOS03,DD10-010
OMOS05,DD03-019
ONKS01,DD07-012
ONKS01,DD09-018
ONKS01,DD10-006
ONOR01,DB04-137
ONOR01,DB05-168
ONOR01,DB11-005
ONSP01,DB10-069
OPRP01,DB04-183
OPRV01,DB05-145
OPRV01,DB08-211
OPRV02,DB04-007
OPRV02,DB04-059
OPRV02,DB06-162
OPRV02,DB09-168
OROS01,DB03-172
OROS01,DB05-198
OROS01,DB11-058
OROS01,DB11-174
OROS04,DB04-115
OROS06,DB03-069
ORRP01,DB05-034
ORRP01,DB07-142
ORRP01,DB09-173
OSLP01,DB04-067
OSLP01,DB05-138
OSLP01,DB08-063
OSTL01,DB08-169
OSYN01,DD08-013
OTHM02,DB07-077
OVTP01,DB05-211
OVTP01,DB07-195
OVTP01,DB08-214
OVTP01,DB10-169
OWOD01,DB05-215
OWOD01,DD04-002
OWOD01,DD10-009
OWOD02,DB05-127
OWOD02,DB07-124
OYPP01,DD03-014
PDIP01,DB07-012
PDIP01,DD08-001
PDUL01,DB04-073
PESL01,DD04-012
PESL01,DD05-010
PGOA01,DB08-213
PHYE02,DB05-053
PMAU02,DB04-040
PMAU02,DB04-102
PPAP01,DB06-130
PROE01,DB03-107
PSUE02,DB08-148
RABAO1,DB04-120
RAFI01,DB09-108
RAMA01,DD11-006
RBEG01,DB07-069
RBEG01,DB08-111
RBEM01,DB09-156
RBEM02,DB03-139
RBEM02,DB04-161
RBUG01,DB08-215
RBUG02,DB04-013
RBUG02,DB05-159
RBUG02,DB07-091
RBUG02,DB09-098
RBUG02,DB11-056
RBUN01,DD06-005
RBUN01,DD07-003
RBUN01,DD08-003
RCAE01,DB04-075
RCAE01,DB04-113
RCAR01,DB05-147
RCAR01,DB12-073
RCON02,DB04-056
RCON02,DB06-066
RCON02,DB08-138
RCON02,DB11-079
RCON02,DB12-067
RCON05,DB05-007
RCON05,DB08-005
RCON05,DB09-153
RDAR01,DD11-003
RDOE01,DB05-065
RDOE01,DB10-012
RDOF02,DD03-010
RDOF02,DD09-009
RDUB01,DD03-015
RFER02,DB04-104
RFER02,DB12-080
RIBA01,DD03-013
RIBA01,DD06-012
RIBA01,DD11-013
RKAE01,DD03-008
RKAE01,DD04-004
RKAE01,DD04-008
RKAE01,DD04-011
RKAE01,DD05-005
RKAE01,DD05-014
RKAE01,DD06-005
RKAE01,DD06-011
RKAE01,DD07-003
RKAE01,DD07-008
RKAE01,DD07-009
RKAE01,DD08-004
RKAE01,DD08-009
RKEL01,DB05-221
RLEO04,DB04-060
RLEO06,DB09-116
RLEO06,DD11-012
RMAA01,DB03-157
RMAA01,DB04-156
RMAA01,DB11-048
RMAA01,DD07-010
RMAA03,DB03-067
RMAA03,DB08-067
RMAA03,DB11-021
RMAA03,DD05-006
RMAA03,DD05-010
RMAA03,DD07-004
RMAA03,DD09-006
RMAB02,DD05-019
RMAE01,DD07-005
RMAE01,DD09-014
RMAE01,DD10-007
RMAI01,DB06-129
RMAI01,DB08-125
RMAI01,DB09-091
RMAI01,DD03-015
RMAI01,DD04-011
RMAI01,DD05-017
RMAT02,DB03-100
RMAT02,DB11-134
RMEC01,DD11-010
RMOO01,DD03-010
RMOO01,DD05-009
RNOK01,DB03-076
RNOT03,DB11-084
RNOT04,DB07-041
RNOT04,DB08-100
RNOT04,DB10-047
RNOT04,DD04-007
RNUD01,DD04-009
RNUD01,DD08-008
RPAK01,DD03-014
RPAK02,DB07-061
RPAK04,DD04-012
RPAM01,DB03-056
RPAM01,DB04-032
RPAM01,DB08-165
RPAM03,DB03-106
RPAM03,DB08-079
RPAM03,DB11-110
RPAM03,DD06-002
RPAM03,DD06-014
RPES01,DD08-004
RPES01,DD10-001
RPES01,DD11-001
RPES01,DD11-013
RPEU01,DD10-002
RSAD01,DB03-109
RSAD01,DB06-054
RSPI01,DB11-187
RSPI01,DD03-011
RSPI01,DD05-012
RSTA03,DB03-144
RSTA03,DB06-019
RSTA04,DB04-128
RTOG01,DB03-096
RTOG01,DB05-169
RTOG05,DB03-123
RTOG05,DB04-106
RTOG05,DB05-161
RTOG06,DD04-001
RTOG06,DD10-002
RTOG07,DB12-070
RTOG09,DB09-096
RTOG09,DB11-053
RTOG09,DD03-015
RTOG09,DD04-004
RTOG09,DD04-008
RTOG09,DD04-011
RTOG09,DD05-009
RTOG09,DD05-013
RTOG09,DD09-001
RTOG09,DD09-010
RTOG09,DD10-001
RTOG09,DD11-001
RTOG11,DB04-164
RTOG11,DB08-199
RTOG11,DB11-138
RTOG12,DB04-038
RTOG12,DB05-025
RTOG12,DD11-001
RTOG17,DB09-012
RTOG17,DB11-117
RTOG17,DB12-053
RTOG18,DB08-112
RTOG18,DB08-188
RTOG18,DB11-179
RTOG19,DB08-218
RTOG19,DD04-004
RUNO01,DD07-001
RUNO01,DD08-003
RUNO01,DD09-006
RVAI01,DB05-124
RVAI01,DB06-157
RVAI01,DB07-127
RVAI01,DB10-026
RVAI01,DB10-131
RVES01,DD03-016
RVOS02,DB04-019
SABO01,DB05-114
SABO01,DB11-044
SASO03,DB04-045
SASO03,DB05-044
SASO03,DB06-161
SASO03,DB07-149
SASO03,DB09-046
SASO03,DB11-151
SASO03,DB12-062
SBET01,DD04-005
SBIM01,DB08-135
SCAH01,1-Aug
SCAH01,2-Aug
SCAH01,3-Aug
SCAH01,DB06-001
SCAH01,DB06-002
SCAH01,DB06-003
SCAH01,DB06-004
SCAH01,DB06-012
SCAH01,DB06-024
SCAH01,DB06-034
SCAH01,DB06-136
SCAH01,DB06-151
SCAH01,DB06-163
SCAH01,DB06-188
SCAH01,DB07-019
SCAH01,DB07-051
SCAH01,DB07-055
SCAH01,DB07-060
SCAH01,DB07-181
SCAH01,DD06-002
SCAH01,DD06-004
SCAH01,DD06-009
SCAH01,DD07-003
SCAH01,DD08-011
SCAH01,DD10-010
SCAH02,1-Jun
SCAH02,2-Jun
SCAH02,3-Jun
SCAH02,4-Jun
SCAH02,DB03-186
SCAH02,DB03-187
SCAH02,DB04-039
SCAH02,DB04-138
SCAH02,DB04-166
SCAH02,DB05-015
SCAH02,DB05-047
SCAH02,DB05-049
SCAH02,DB05-050
SCAH02,DB05-071
SCAH02,DB05-136
SCAH02,DB05-137
SCAH02,DB05-154
SCAH02,DB05-180
SCAH02,DB05-209
SCAH02,DB06-017
SCAH02,DB06-026
SCAH02,DB06-030
SCAH02,DB06-033
SCAH02,DB06-036
SCAH02,DB06-04
SCAH02,DB06-045
SCAH02,DB06-056
SCAH02,DB06-060
SCAH02,DB06-062
SCAH02,DB06-063
SCAH02,DB06-064
SCAH02,DB06-094
SCAH02,DB06-107
SCAH02,DB06-108
SCAH02,DB06-120
SCAH02,DB06-132
SCAH02,DB06-136
SCAH02,DB06-139
SCAH02,DB06-140
SCAH02,DB06-142
SCAH02,DB06-143
SCAH02,DB06-146
SCAH02,DB06-153
SCAH02,DB06-155
SCAH02,DB06-160
SCAH02,DB06-170
SCAH02,DB06-175
SCAH02,DB06-186
SCAH02,DB07-003
SCAH02,DB07-011
SCAH02,DB07-014
SCAH02,DB07-049
SCAH02,DB07-054
SCAH02,DB07-056
SCAH02,DB07-079
SCAH02,DB07-081
SCAH02,DB07-088
SCAH02,DB07-089
SCAH02,DB07-094
SCAH02,DB07-125
SCAH02,DB07-133
SCAH02,DB07-147
SCAH02,DB07-152
SCAH02,DB07-166
SCAH02,DB08-024
SCAH02,DB08-026
SCAH02,DB08-048
SCAH02,DB08-050
SCAH02,DB08-057
SCAH02,DB08-065
SCAH02,DB08-120
SCAH02,DB08-122
SCAH02,DB08-136
SCAH02,DB08-143
SCAH02,DB08-158
SCAH02,DB08-171
SCAH02,DB08-187
SCAH02,DB08-194
SCAH02,DB08-220
SCAH02,DB08-221
SCAH02,DB08-224
SCAH02,DB09-018
SCAH02,DB09-030
SCAH02,DB09-049
SCAH02,DB09-064
SCAH02,DB09-095
SCAH02,DB09-167
SCAH02,DB09-179
SCAH02,DB10-027
SCAH02,DB10-038
SCAH02,DB10-055
SCAH02,DB10-067
SCAH02,DB10-117
SCAH02,DB10-118
SCAH02,DB10-121
SCAH02,DB10-130
SCAH02,DB10-139
SCAH02,DB11-009
SCAH02,DB11-018
SCAH02,DB11-022
SCAH02,DB11-123
SCAH02,DB11-124
SCAH02,DB11-181
SCAH02,DB12-033
SCAH02,DB12-083
SCAH02,DB12-087
SCAH02,DD03-006
SCAH02,DD03-008
SCAH02,DD03-009
SCAH02,DD03-013
SCAH02,DD03-014
SCAH02,DD03-015
SCAH02,DD03-017
SCAH02,DD03-019
SCAH02,DD03-020
SCAH02,DD04-004
SCAH02,DD04-012
SCAH02,DD05-001
SCAH02,DD05-002
SCAH02,DD05-004
SCAH02,DD05-005
SCAH02,DD05-008
SCAH02,DD05-011
SCAH02,DD05-012
SCAH02,DD05-013
SCAH02,DD05-015
SCAH02,DD05-016
SCAH02,DD05-018
SCAH02,DD05-019
SCAH02,DD06-001
SCAH02,DD06-002
SCAH02,DD06-004
SCAH02,DD06-005
SCAH02,DD06-011
SCAH02,DD06-012
SCAH02,DD06-013
SCAH02,DD06-014
SCAH02,DD07-001
SCAH02,DD07-002
SCAH02,DD07-007
SCAH02,DD07-008
SCAH02,DD07-012
SCAH02,DD08-001
SCAH02,DD08-002
SCAH02,DD08-006
SCAH02,DD08-007
SCAH02,DD08-008
SCAH02,DD08-009
SCAH02,DD08-011
SCAH02,DD08-012
SCAH02,DD08-013
SCAH02,DD08-014
SCAH02,DD08-016
SCAH02,DD09-001
SCAH02,DD09-003
SCAH02,DD09-013
SCAH02,DD09-016
SCAH02,DD09-018
SCAH02,DD10-003
SCAH02,DD10-004
SCAH02,DD10-005
SCAH02,DD10-007
SCAH02,DD10-009
SCAH02,DD11-002
SCAH02,DD11-003
SCAH02,DD11-013
SCAH02,DD11-014
SCAH02,IN006189
SCAH02,ST007479
SCAH02,TI001606
SCAH05,DB10-074
SCAS01,DB09-048
SCAS01,DB10-119
SCAS02,DD04-012
SCAS02,DD05-016
SCAS02,DD06-012
SCAS02,DD08-014
SCAS02,DD09-016
SDEA01,DD06-013
SDEA01,DD10-008
SDEM01,DB03-145
SDEM01,DB06-010
SDEM01,DB06-131
SDEM01,DB09-129
SEAT03,DB03-101
SEAT03,DB04-070
SEAT03,DB08-105
SEAT04,DD07-003
SEAT04,DD08-005
SEAT04,DD10-009
SEKT03,DB10-031
SFOC01,DB03-198
SFOC01,DB05-002
SFOC01,DB05-210
SFOC01,DB07-002
SFOC01,DB07-193
SFOC01,DB08-209
SFOC01,DB10-002
SFOC01,DB10-167
SHAS01,DB04-125
SHAS01,DB05-224
SHAS01,DB06-149
SHAS03,DB04-043
SHAS03,DB05-165
SHAS03,DB07-116
SHAS03,DB10-028
SHAS03,DD04-004
SHAS04,DB08-025
SHAS04,DB08-196
SHAS04,DB09-163
SINI01,DB08-033
SINI01,DB12-078
SINI01,DD04-003
SINI01,DD04-015
SINI01,DD06-002
SINI01,DD06-012
SINI02,DB05-067
SINI02,DB09-110
SJAS01,DB06-185
SKAI01,DB03-118
SKAO01,DB03-050
SKAO01,DB04-155
SKAO01,DB07-059
SKAO01,DB09-020
SKAO01,DB11-055
SLEE01,DD11-013
SLEE03,DD09-017
SLEH01,DB08-064
SLEO01,DD05-011
SLUT01,DB05-010
SMAE01,DB02-123
SMAE02,DB08-068
SMAE02,DD04-002
SMAE03,DB05-064
SMAE03,DD08-005
SMAE03,DD08-009
SMAE03,DD08-014
SMAE03,DD08-016
SMAH01,DB05-032
SMAH01,DB12-061
SMAH01,DD08-005
SMAH01,DD08-010
SMAH01,DD09-010
SMAT02,DB03-194
SMAT02,DB06-102
SMAT02,DB07-151
SMAT02,DB08-144
SMAT02,DB09-147
SMAT02,DB10-124
SMIT01,DD05-004
SMIT01,DD05-014
SMIT01,DD06-012
SMOW01,DD07-009
SMTH01,DB04-023
SMTH01,DB04-181
SMTH01,DB05-189
SMTH01,DB06-069
SMTH01,DB09-093
SMTH01,DB11-118
SNTA01,DB03-018
SNTA01,DB06-001
SNTA01,DD08-015
SNTA01,DD09-018
SNTH01,DB05-038
SNTH01,DB08-070
SNTO01,DB11-074
SNUI01,DB08-186
SNUI02,DD03-017
SNUI02,DD04-014
SNUI02,DD06-002
SNUI02,DD07-002
SNUI02,DD08-001
SPIT01,DB08-103
SPIT01,DB11-007
SROO01,DD08-007
SROS02,DD04-013
SSEH01,DB05-012
SSEH01,DB05-102
SSEH01,DB09-072
SSEH01,DB12-060
SVII01,DB07-192
SVII01,DB09-058
SVII02,DD05-019
SVII03,DB09-121
SVII03,DD04-007
SVII03,DD04-009
SVII03,DD05-011
SVII03,DD08-007
SVII03,DD09-002
SVII03,DD10-001
SVII05,DD04-005
SVII05,DD09-015
SVII09,DB09-002
SVII09,DD04-006
SVII09,DD06-007
SVII12,DB07-176
SVII16,DD03-010
SVII16,DD10-010
SVII17,DB04-149
SVII17,DB07-169
SVII17,DD03-012
SVII17,DD04-011
SVII17,DD05-014
SVII17,DD05-019
SVII17,DD11-011
SVII18,DB03-128
SVIU01,DB03-114
SVIU01,DB08-190
SVIU01,DB09-097
SVIU01,DD05-231
SVIU02,DB11-125
SVIU04,DB08-157
SVIU04,DB11-153
SVIU05,DB06-004
SVIU05,DB08-015
SVIU05,DB09-014
SVIU05,DB10-020
SWET01,DB04-100
SWET01,DB11-060
SWET06,DD04-014
SWIE02,DB04-182
SWIE02,DB07-130
SWIE03,DB03-078
SWIE03,DB06-080
SWIE03,DB07-114
SWIE03,DB11-101
SYSE01,DB08-029
SYSE01,DD05-017
SYSE01,DD06-009
SYSE04,DB09-117
SYSE04,DD03-011
SYSE04,DD09-014
SYSE04,DD11-005
TACI01,DD06-004
TACI01,DD06-010
TACI01,DD09-001
TBOH03,DB06-014
TBOH03,DD07-003
TBOH04,DD05-005
TBOJ01,DB08-175
TBOS01,DB07-004
TCIY01,DD03-020
TCIY01,DD04-015
TCIY01,DD05-019
TCIY01,DD08-003
TCIY01,DD08-016
TCIY02,DB10-021
TDAE01,DB03-169
TDAE01,DD04-001
TDUT01,DB04-132
TESH01,DD03-011
TESH01,DD05-016
TESH01,DD06-010
TESH01,DD09-014
TESH01,DD10-008
TGAE01,DB08-159
TINR01,DD05-009
TINR01,DD10-006
TKAH01,DB08-062
TLOT01,DB04-186
TLOU01,DB06-100
TLOU01,DB09-124
TLOU01,DB10-156
TMAE02,DB12-085
TMAE02,DD08-009
TMAH01,DB04-071
TMAH03,DB04-159
TMAH03,DB07-001
TMAH03,DB11-095
TMAH03,DD07-009
TMAH04,DB03-137
TMAL01,DB05-187
TMAL01,DB11-026
TMAL02,DB05-043
TMAL02,DB05-178
TMAL02,DB06-137
TMAL02,DB08-072
TMAL02,DB09-113
TMAL03,DB05-063
TMAL03,DB06-046
TMAL03,DB09-105
TMAL04,DB10-025
TMAS01,DD03-008
TMAS03,DB09-118
TMOA02,DB04-170
TMOA02,DB08-032
TMOH01,DB07-028
TMOH01,DB09-102
TMOS01,DB04-103
TMOS01,DB09-107
TMOS01,DB12-065
TMOS03,DB07-117
TMOS03,DD05-014
TMUH01,DB03-122
TMUH01,DB05-058
TNAH01,DB05-055
TNAH01,DB07-048
TNAH01,DB09-031
TNAH01,DB11-035
TNAH04,DB07-048
TNAH04,DB10-059
TNAH08,DB04-035
TNAH08,DB11-035
TNAI02,DB04-133
TNAI02,DD09-005
TNES01,DB05-013
TNES02,DD07-012
TNES02,DD10-001
TNES02,DD11-001
TNOW01,DB11-135
TNOW01,DD05-014
TOPI02,DB05-203
TOPI02,DD03-011
TOPI02,DD04-015
TOPI02,DD07-004
TOPI02,DD09-015
TOPI02,DD10-010
TOPI03,DB07-196
TOPI06,DB07-157
TOPI06,DB08-174
TOPI10,DD04-010
TOPI10,DD05-005
TOPI12,DB05-026
TOPI12,DD05-003
TOPI12,DD07-007
TOPI13,DB05-202
TOPI13,DB06-105
TOPI13,DB09-162
TOPI13,DB12-084
TOPI14,DB05-028
TOPI14,DB08-014
TOPI15,DB03-053
TOPI15,DD06-002
TOPI21,DD05-002
TOPI21,DD05-014
TOPI21,DD11-010
TOPI25,DD08-007
TOPI25,DD09-011
TOPI32,DB03-188
TOPI32,DB11-075
TOPI33,DD09-017
TOPI33,DD11-006
TOPI34,DD09-006
TOPI46,DB06-050
TOPI46,DB07-189
TOPI46,DB09-174
TOPI46,DB10-159
TOPI48,DB10-023
TOPI48,DD04-003
TOPI53,DD04-014
TOPI53,DD05-006
TOPI53,DD05-010
TOPI53,DD07-006
TOPI53,DD11-005
TOPI54,DD04-015
TOPI54,DD11-004
TOPI58,DB06-164
TOPI58,DD03-011
TOPI58,DD04-009
TOPI58,DD05-012
TOPI58,DD10-005
TOPI59,DD03-016
TOPI59,DD05-003
TOPI59,DD05-005
TOPI59,DD09-016
TOPI59,DD10-010
TOPI62,DB03-192
TOPO01,DB05-074
TOPO01,DB10-049
TPAE01,DB03-146
TPAE01,DB07-179
TPAE02,DB03-140
TPAE03,DD09-003
TPAE04,DB09-042
TPAE04,DB11-178
TPAH01,DB05-143
TPAH01,DD03-016
TPAH01,DD05-005
TPAH01,DD06-001
TPOG01,DB05-199
TPOG01,DD07-003
TREI01,Jan-03
TRUH01,DB06-103
TRUH01,DD03-011
TRUH01,DD12-013
TRUT01,DB09-165
TWIB01,DB03-112
TWIB01,DB05-155
TWIB01,DB08-168
TWIB01,DB11-131
TWIB02,DB08-168
TZIH01,DB05-182
TZIH01,DB07-167
TZIH01,DD04-007
TZIU01,DB03-179
TZIU01,DB04-114
TZIU01,DB08-022
TZIU01,DB12-072
UBAE02,DB04-063
UBOM03,DD04-008
UBOR01,DD04-006
UBOR01,DD06-007
UBOR01,DD07-015
UBOR01,DD08-004
UBOR01,DD09-006
UBRW01,DB09-045
UEQI01,DD06-004
UEQI01,DD08-010
UEQI01,DD10-006
UEQI01,DD11-001
UEQI01,DD11-013
UFOR04,DB03-121
UGLC01,DD10-007
UHOS01,DB04-009
UHOS01,DB04-173
UHOS01,DB06-193
UHOS01,DB07-191
UHOS01,DB09-175
UIDT01,DD03-008
UIDT01,DD04-007
ULAD01,DB04-028
ULAD01,DB05-039
ULAD01,DB07-026
ULAD01,DB08-021
UMBL01,DB04-172
UMBL01,DB05-192
UMBL01,DB06-179
UMBL01,DB09-177
UMBL01,DB11-188
UMFN01,DB03-113
UMFN01,DB08-012
UMFN01,DB09-019
UMFN01,DB10-092
UMNK01,DB05-066
UMNK01,DB06-172
UMNK01,DB08-035
UMOT01,DB05-126
UMOT01,DB08-036
UMOT01,DB09-094
UMTB01,DB09-051
UNET01,DD03-009
UNET01,DD05-018
UNET01,DD06-010
UNET01,DD09-017
UNET01,DD10-005
UNET01,DD11-014
UNXM01,DB03-173
UNXM02,DB08-140
URAF01,DB06-059
URAF02,DB11-176
USOT01,DB08-212
USOT07,DB05-184
USOT07,DB09-068
USOT07,DB10-135
UTAN01,DB08-037
VDAI01,DB03-174
VDER01,DB03-156
VDER01,DB11-177
VGOE02,DB03-051
VGOE02,DB04-160
VGOE02,DB05-121
VGOE02,DB06-145
VGOE02,DB08-004
VGOE02,DB09-038
VGOE02,DB10-017
VGOE02,DB11-157
VGOE02,DD06-004
VGOE04,DB04-151
VGOE05,DB03-057
VGOE05,DB04-036
VGOE06,DB07-085
VGOE06,DB08-116
VGOE06,DD04-003
VGOE07,DB05-190
VGOE07,DB10-140
VLEI02,DB12-063
VLEI02,DD06-014
VLEI02,DD09-001
VLEI03,DB05-021
VLEI03,DB07-121
VLEY01,DB03-071
VLEY01,DB11-156
VRIO01,DD03-008
VRIO01,DD05-007
VRIO01,DD06-001
VRIO01,DD07-012
VRIO01,DD09-004
VRIO01,DD10-002
WCEA01,DB08-184
WDEI02,DB04-150
WKHE01,DB05-062
WKHE01,DB11-062
WKHE01,DB11-144
WKHE01,DD04-002
WKHE01,DD06-011
WKHE01,DD07-009
WLAR03,DB03-136
WLAR03,DB04-157
WLEI01,DD08-001
WLEI01,DD11-006
WNEC01,DB08-018
WNEL03,DB03-055
WNEL03,DD07-008
WNEL03,DD07-012
WNEL03,DD11-005
WNEV01,DB08-099
WNEV01,DB09-043
WNEW01,DB11-091
WNKA01,DD09-016
WNKA01,DD11-014
WPOE01,DB08-162
WPOE01,DB11-051
XFOY01,DB04-015
XFOY01,DB05-042
YBIE01,DB06-141
YCRS02,DB03-054
YCRS02,DB09-133
YDES01,DB08-205
YDES01,DB11-185
YKAE03,DB03-154
YKAE03,DB07-163
YMAA03,DD05-001
YMAA03,DD05-019
YMAF02,DB03-183
YMEE01,DB03-155
YMEE01,DB04-136
YMEE01,DB05-204
YMEE02,DB07-099
YMEE02,DB10-056
YMEE02,DB12-056
YMEE04,DB05-009
YMEE04,DB11-034
YMEE04,DB11-189
YMEE05,DD03-020
YMEE05,DD05-003
YMEE05,DD05-015
YMEE05,DD06-012
YMEE05,DD09-010
YMEE05,DD10-005
YMEE05,DD11-002
YMEE07,DB11-122
YMEEO3,DB09-090
YMEEO6,DB11-121
YNAA01,DB05-069
YNAA01,DB09-182
YRAN01,DD03-013
YREN03,DB04-011
YREN03,DB06-052
YREN03,DB07-050
YREN03,DD08-002
YSTL02,DB05-164
YSTL02,DB09-126
YSTL02,DD07-015
YTAL03,DB05-217
YTAL03,DB08-146
YTAL03,DB08-192
ZDEI01,DD03-020
ZDEI01,DD05-001
ZDEI01,DD05-019
ZDOE01,DB03-191
ZDOE01,DB05-005
ZDOE01,DB07-005
ZDOE01,DB09-001
ZHAY02,DD04-001
ZHAY02,DD05-003
ZMAU01,DB03-164
ZNAE01,DD03-012
ZNAE01,DD04-009
ZNAE01,DD05-016
ZNAE01,DD06-009
ZNAE01,DD07-008
ZNAE01,DD08-010
ZNAE01,DD09-013
ZNAO01,DD04-005
ZNAO01,DD08-014
ZNAO01,DD09-014
ZNAO01,DD11-014
